channel_id,timeline_id,Item_Id,Date,title,Twitter_account,Tweet_Id,Twitter_link
206,1216190,6230,2/18/17 14:42,Retweet by Sovello Hildebrand,sovellohp,8.33024E+17,https://twitter.com/sovellohp/status/833024494986002434
206,1216008,6230,2/18/17 4:18,Tweet by Elsie S. Kanza,eskanza,8.3287E+17,https://twitter.com/eskanza/status/832869587465150465
206,1214645,6230,2/17/17 6:09,Retweet by Ezekiel Ngitoria,maishatz,8.32514E+17,https://twitter.com/maishatz/status/832513716298084353
206,1213933,6230,2/16/17 12:01,Tweet by OrnicoKenya,OrnicoKenya,8.31804E+17,https://twitter.com/OrnicoKenya/status/831803718962130944
206,1213932,6230,2/16/17 12:01,Tweet by OrnicoKenya,OrnicoKenya,8.31804E+17,https://twitter.com/OrnicoKenya/status/831804105815425025
206,1213931,6230,2/16/17 12:01,Tweet by OrnicoKenya,OrnicoKenya,8.31804E+17,https://twitter.com/OrnicoKenya/status/831804374443769858
206,1213930,6230,2/16/17 12:01,Retweet by Oresti Patricios,Orestaki,8.32091E+17,https://twitter.com/Orestaki/status/832091058083348480
206,1213929,6230,2/16/17 12:01,Tweet by Aidan Eyakuze,aeyakuze,8.32208E+17,https://twitter.com/aeyakuze/status/832207630944890880
206,1213928,6230,2/16/17 12:01,Retweet by Lucia,lucyferr85,8.32215E+17,https://twitter.com/lucyferr85/status/832215345687576576
206,1198765,6230,2/3/17 8:32,Tweet by Goodwell Investments,GoodwellInvest,8.27445E+17,https://twitter.com/GoodwellInvest/status/827445274289303552
206,1184809,6230,1/26/17 14:35,Tweet by AGNOUN BASSO M. ArÃ¨s,rabilebon,8.24672E+17,https://twitter.com/rabilebon/status/824672493562691586
206,1182972,6230,1/25/17 5:28,Tweet by paul miedema,paulmiedema1,8.24167E+17,https://twitter.com/paulmiedema1/status/824166691324198914
206,1181962,6230,1/24/17 8:29,Retweet by Nerus KOLADE,nerus1er,8.23866E+17,https://twitter.com/nerus1er/status/823865617677750274
206,1178854,6230,1/23/17 8:28,Tweet by BLOLAB Officiel,BLOLAB_BENIN,8.23478E+17,https://twitter.com/BLOLAB_BENIN/status/823477983646257152
206,1178853,6230,1/23/17 8:28,Retweet by BÃ©nin Retweet,Benin_retweet,8.23478E+17,https://twitter.com/Benin_retweet/status/823478404926308352
206,1177435,6230,1/22/17 14:29,Retweet by Cinti Garcia,cintijudo,8.23211E+17,https://twitter.com/cintijudo/status/823210925209567234
206,1174848,6230,1/20/17 17:31,Tweet by BLOLAB Officiel,BLOLAB_BENIN,8.22455E+17,https://twitter.com/BLOLAB_BENIN/status/822454776357064704
206,1139256,6230,1/12/17 23:30,Retweet by Sipho Fakela,Sipho_Fakela,8.18887E+17,https://twitter.com/Sipho_Fakela/status/818887264847691776
206,1139255,6230,1/12/17 23:30,Retweet by AdJudoFerrolterra,Amcp1974,8.19304E+17,https://twitter.com/Amcp1974/status/819303681698963456
206,1139254,6230,1/12/17 23:30,Retweet by MarkLives.com,marklives,8.18771E+17,https://twitter.com/marklives/status/818771072782925824
206,1029394,6230,12/21/16 13:25,Tweet by KnocKnockAfrica,KnocKnockAfrica,8.11603E+17,https://twitter.com/KnocKnockAfrica/status/811602525656940545
206,1029393,6230,12/21/16 13:25,Retweet by Imran Hafeez Panhwar,roomeezon,8.11603E+17,https://twitter.com/roomeezon/status/811603236306161664
206,1019021,6230,12/19/16 13:33,Retweet by chavent,nicolas_chavent,8.10896E+17,https://twitter.com/nicolas_chavent/status/810895815086604288
206,1018394,6230,12/19/16 10:28,Tweet by BLOLAB Officiel,BLOLAB_BENIN,8.10768E+17,https://twitter.com/BLOLAB_BENIN/status/810768428843798528
206,1018393,6230,12/19/16 10:28,Retweet by Jro,Jro_Soumaho,8.10799E+17,https://twitter.com/Jro_Soumaho/status/810799316436664321
206,988415,6230,12/13/16 13:26,Retweet by Ben Colmery,bencolmery4,8.08717E+17,https://twitter.com/bencolmery4/status/808717212815163392
206,985675,6230,12/13/16 4:28,Tweet by PDA,pdaghana,8.08584E+17,https://twitter.com/pdaghana/status/808584467447156736
206,983364,6230,12/12/16 16:28,Retweet by Chris Roper,ChrisRoper,8.08392E+17,https://twitter.com/ChrisRoper/status/808392142070681602
206,982732,6230,12/12/16 13:28,Tweet by Justin Arenstein,justinarenstein,8.08328E+17,https://twitter.com/justinarenstein/status/808327888680456194
206,968474,6230,12/9/16 13:28,Tweet by Nelima Mumoki,nelimafiona,8.07276E+17,https://twitter.com/nelimafiona/status/807276156475031553
206,968473,6230,12/9/16 13:28,Retweet by Caiphus Mangenela,Mrmangenela,8.07278E+17,https://twitter.com/Mrmangenela/status/807277726205931521
206,968472,6230,12/9/16 13:28,Retweet by Richard Munang,RichardMunang,8.07278E+17,https://twitter.com/RichardMunang/status/807277575043219457
206,965919,6230,12/9/16 1:26,Retweet by MarkLives.com,marklives,8.07105E+17,https://twitter.com/marklives/status/807104838937022464
206,963583,6230,12/8/16 13:28,Tweet by Africa Tech Summit,AfricaTechSMT,8.06884E+17,https://twitter.com/AfricaTechSMT/status/806884272137191425
206,963582,6230,12/8/16 13:28,Tweet by Jo Eyre,JosieInJozi,8.06906E+17,https://twitter.com/JosieInJozi/status/806906197219475457
206,962920,6230,12/8/16 10:28,Retweet by Ben,zia505,8.06853E+17,https://twitter.com/zia505/status/806853129341988864
206,962919,6230,12/8/16 10:28,Tweet by AfroDiasporan,AfroDiasporan,8.06867E+17,https://twitter.com/AfroDiasporan/status/806866673659744260
206,962126,6230,12/8/16 7:26,Retweet by MarkLives.com,marklives,8.06799E+17,https://twitter.com/marklives/status/806798759828987905
206,961359,6230,12/8/16 4:34,Tweet by Mobile Web Africa,mwebafrica,8.06768E+17,https://twitter.com/mwebafrica/status/806767820352548864
206,954437,6230,12/7/16 1:29,Tweet by Eco-Africa Platform,Eco2Africa,8.06347E+17,https://twitter.com/Eco2Africa/status/806347030352265216
206,954436,6230,12/7/16 1:29,Retweet by MarkLives.com,marklives,8.06359E+17,https://twitter.com/marklives/status/806359242764599296
206,954435,6230,12/7/16 1:29,Tweet by Maverick Mind,MaverickMind1,8.06378E+17,https://twitter.com/MaverickMind1/status/806377887318310912
206,954434,6230,12/7/16 1:29,Retweet by MarkLives.com,marklives,8.06379E+17,https://twitter.com/marklives/status/806379039267098625
206,951837,6230,12/6/16 13:34,Retweet by UjuziKilimo,UjuziKilimo,8.06169E+17,https://twitter.com/UjuziKilimo/status/806168946458169345
206,950537,6230,12/6/16 7:32,Tweet by DUO Marketing,DUOMarketing,8.06077E+17,https://twitter.com/DUOMarketing/status/806077034002841600
206,948014,6230,12/5/16 19:28,Tweet by VOFN Ethiopia,vofnethiopia,8.05887E+17,https://twitter.com/vofnethiopia/status/805887489982550016
206,946296,6230,12/5/16 10:29,Retweet by Kait Reynolds,EAG_Kaittaylor,8.05794E+17,https://twitter.com/EAG_Kaittaylor/status/805794278710591488
206,944131,6230,12/5/16 1:28,Retweet by TJ Goss,GossTJ,8.05596E+17,https://twitter.com/GossTJ/status/805595557242740739
206,931487,6230,12/2/16 13:40,Tweet by Stanley Epstein,StanleyEpstein,8.04712E+17,https://twitter.com/StanleyEpstein/status/804711982477688833
206,928808,6230,12/2/16 4:28,Retweet by MarkLives.com,marklives,8.04576E+17,https://twitter.com/marklives/status/804575801874255874
206,928147,6230,12/2/16 1:31,Tweet by knowledgebroker,knowledgebroker,8.04559E+17,https://twitter.com/knowledgebroker/status/804558540488708097
206,925071,6230,12/1/16 10:31,Tweet by Joseph Mbarga,jo_mbarga,8.04309E+17,https://twitter.com/jo_mbarga/status/804309003920691200
206,923155,6230,12/1/16 4:30,Tweet by Cyberâ—èPINES,CyberOpines,8.04217E+17,https://twitter.com/CyberOpines/status/804217270729867268
206,923154,6230,12/1/16 4:30,Tweet by Francois van Dyk,sbalie,8.04228E+17,https://twitter.com/sbalie/status/804227882830692353
206,922544,6230,12/1/16 1:39,Tweet by Paulo FÃ©lix,osint,8.04174E+17,https://twitter.com/osint/status/804174398076944384
206,922543,6230,12/1/16 1:38,Tweet by AnnotateProductImage,AnnotateInfo,8.04184E+17,https://twitter.com/AnnotateInfo/status/804183594801491968
206,922542,6230,12/1/16 1:38,Retweet by Boardfy Track Prices,BoardfyTO,8.04184E+17,https://twitter.com/BoardfyTO/status/804184103738339328
206,922541,6230,12/1/16 1:38,Retweet by Collectif EmmabuntÃ_s,Emmabuntus,8.04212E+17,https://twitter.com/Emmabuntus/status/804212369811537920
206,922540,6230,12/1/16 1:38,Tweet by MarkLives.com,marklives,8.04198E+17,https://twitter.com/marklives/status/804198110926958592
206,922539,6230,12/1/16 1:38,Retweet by Simone Puterman,SimoneAtLarge,8.04212E+17,https://twitter.com/SimoneAtLarge/status/804211681547194368
206,911945,6230,11/29/16 4:25,Tweet by knowledgebroker,knowledgebroker,8.03471E+17,https://twitter.com/knowledgebroker/status/803471377927962624
206,911944,6230,11/29/16 4:25,Retweet by MarkLives.com,marklives,8.03474E+17,https://twitter.com/marklives/status/803473557577756672
206,909385,6230,11/28/16 18:12,Retweet by KEITA Moussa,moussakeita94,8.03347E+17,https://twitter.com/moussakeita94/status/803347051484418048
206,907942,6230,11/28/16 12:16,Tweet by Kabelo Mpyatona,KabeloMpyatona,8.03246E+17,https://twitter.com/KabeloMpyatona/status/803246165160579072
206,907254,6230,11/28/16 9:14,Tweet by Marketing agent,marketing_agen,8.03239E+17,https://twitter.com/marketing_agen/status/803239032440442880
206,906625,6230,11/28/16 6:21,Tweet by buycool,buycool,8.03173E+17,https://twitter.com/buycool/status/803172599513710593
206,905896,6230,11/28/16 3:14,Tweet by Francois van Dyk,sbalie,8.03133E+17,https://twitter.com/sbalie/status/803132587183140864
206,905895,6230,11/28/16 3:14,Retweet by MarkLives.com,marklives,8.03135E+17,https://twitter.com/marklives/status/803134510871310336
206,905894,6230,11/28/16 3:14,Tweet by MarkLives.com,marklives,8.03137E+17,https://twitter.com/marklives/status/803137251953803264
206,905893,6230,11/28/16 3:14,Retweet by Simone Puterman,SimoneAtLarge,8.03139E+17,https://twitter.com/SimoneAtLarge/status/803139338976559104
206,905281,6230,11/28/16 0:15,Tweet by SPAG Asia,SPAGAsia,8.03086E+17,https://twitter.com/SPAGAsia/status/803086020271083520
206,894902,6230,11/25/16 18:16,Retweet by Florent YOUZAN,fyouzan,8.02279E+17,https://twitter.com/fyouzan/status/802279177181335552
206,890256,6230,11/24/16 21:18,Retweet by BÃ©nin Retweet,Benin_retweet,8.0194E+17,https://twitter.com/Benin_retweet/status/801940246938132481
206,889039,6230,11/24/16 15:18,Tweet by BLOLAB Officiel,BLOLAB_BENIN,8.01848E+17,https://twitter.com/BLOLAB_BENIN/status/801847636844232704
206,889038,6230,11/24/16 15:18,Retweet by Nerus KOLADE,nerus1er,8.01853E+17,https://twitter.com/nerus1er/status/801853083596845061
206,889037,6230,11/24/16 15:18,Retweet by MÃ©dard AGBAYAZON,agbayazonmedard,8.01855E+17,https://twitter.com/agbayazonmedard/status/801855322596012032
206,889036,6230,11/24/16 15:18,Retweet by Jacques KIRIOUA,Jacques_Kirioua,8.01855E+17,https://twitter.com/Jacques_Kirioua/status/801855401012723717
206,889035,6230,11/24/16 15:18,Retweet by BeninBot,beninbot_,8.01855E+17,https://twitter.com/beninbot_/status/801855454192214016
206,889034,6230,11/24/16 15:18,Retweet by JÃ©rÃ©my Chauvet,jeremy_chauvet,8.01857E+17,https://twitter.com/jeremy_chauvet/status/801856705999020033
206,889033,6230,11/24/16 15:18,Retweet by JoÃ«l ArsÃ¨ne Noumonvi,jnoumonvi,8.01879E+17,https://twitter.com/jnoumonvi/status/801879303969509376
206,888305,6230,11/24/16 12:16,Tweet by professorsabena,professorsabena,8.01816E+17,https://twitter.com/professorsabena/status/801816373840089089
206,887002,6230,11/24/16 6:18,Tweet by TungstenBigData,TungstenBigData,8.01709E+17,https://twitter.com/TungstenBigData/status/801708959023398912
206,886291,6230,11/24/16 3:19,Tweet by MarkLives.com,marklives,8.01665E+17,https://twitter.com/marklives/status/801664674357977088
206,886290,6230,11/24/16 3:19,Retweet by Simone Puterman,SimoneAtLarge,8.01672E+17,https://twitter.com/SimoneAtLarge/status/801672383220379649
206,886289,6230,11/24/16 3:19,Tweet by Francois van Dyk,sbalie,8.01683E+17,https://twitter.com/sbalie/status/801682783676592128
206,884457,6230,11/23/16 18:15,Tweet by Buhle Goslar,buhlegoslar,8.01506E+17,https://twitter.com/buhlegoslar/status/801506308872667136
206,870944,6230,11/21/16 6:20,Tweet by Marketing agent,marketing_agen,8.00585E+17,https://twitter.com/marketing_agen/status/800585291455152128
206,870943,6230,11/21/16 6:20,Tweet by Marketing agent,marketing_agen,8.00585E+17,https://twitter.com/marketing_agen/status/800585293267079168
206,870942,6230,11/21/16 6:20,Tweet by Marketing agent,marketing_agen,8.00585E+17,https://twitter.com/marketing_agen/status/800585293678026752
206,870941,6230,11/21/16 6:20,Tweet by Marketing agent,marketing_agen,8.00613E+17,https://twitter.com/marketing_agen/status/800612756034420736
206,870940,6230,11/21/16 6:20,Tweet by Marketing agent,marketing_agen,8.00613E+17,https://twitter.com/marketing_agen/status/800612756215001088
206,870939,6230,11/21/16 6:20,Tweet by Francois van Dyk,sbalie,8.00623E+17,https://twitter.com/sbalie/status/800622959329153024
206,870331,6230,11/21/16 3:21,Tweet by Hse of Premier Comms,HouseOfPremier,8.00573E+17,https://twitter.com/HouseOfPremier/status/800572789233225728
206,870330,6230,11/21/16 3:21,Tweet by MarkLives.com,marklives,8.00592E+17,https://twitter.com/marklives/status/800591808732524544
206,870329,6230,11/21/16 3:21,Retweet by Simone Puterman,SimoneAtLarge,8.00599E+17,https://twitter.com/SimoneAtLarge/status/800599131081371648
206,860345,6230,11/19/16 3:29,Retweet by Ubuntu Experiences,UbuntuXSA,7.99883E+17,https://twitter.com/UbuntuXSA/status/799883129825751040
206,857072,6230,11/18/16 12:26,Tweet by SPAG Asia,SPAGAsia,7.99647E+17,https://twitter.com/SPAGAsia/status/799647107984556032
206,852143,6230,11/17/16 15:16,Retweet by John Sears,John_S_Sears,7.9883E+17,https://twitter.com/John_S_Sears/status/798829529993072641
206,852142,6230,11/17/16 15:16,Tweet by Marketing agent,marketing_agen,7.99149E+17,https://twitter.com/marketing_agen/status/799148625955876865
206,852141,6230,11/17/16 15:16,Tweet by Marketing agent,marketing_agen,7.99157E+17,https://twitter.com/marketing_agen/status/799156643359576064
206,852140,6230,11/17/16 15:16,Tweet by Marketing agent,marketing_agen,7.99157E+17,https://twitter.com/marketing_agen/status/799156645427290112
206,852139,6230,11/17/16 15:16,Tweet by Marketing agent,marketing_agen,7.99157E+17,https://twitter.com/marketing_agen/status/799156647079936000
206,852138,6230,11/17/16 15:16,Tweet by Marketing agent,marketing_agen,7.99157E+17,https://twitter.com/marketing_agen/status/799156649588035584
206,851589,6230,11/17/16 12:17,Tweet by Ribola Art Route,love_limpopo,7.9926E+17,https://twitter.com/love_limpopo/status/799260164117381122
206,850466,6230,11/17/16 6:19,Retweet by Marcel Matodes,MarcelMatodes,7.99178E+17,https://twitter.com/MarcelMatodes/status/799178349000146944
206,850465,6230,11/17/16 6:18,Tweet by MarkLives.com,marklives,7.99178E+17,https://twitter.com/marklives/status/799178227625369601
206,850464,6230,11/17/16 6:18,Retweet by Simone Puterman,SimoneAtLarge,7.9918E+17,https://twitter.com/SimoneAtLarge/status/799179716682989568
206,850463,6230,11/17/16 6:18,Retweet by Oresti Patricios,Orestaki,7.99194E+17,https://twitter.com/Orestaki/status/799193874472337408
206,845213,6230,11/16/16 6:14,Tweet by DUO Marketing,DUOMarketing,7.98806E+17,https://twitter.com/DUOMarketing/status/798805505938366464
206,845212,6230,11/16/16 6:14,Retweet by Zhyrkovsky,zhyrkovsky,7.98807E+17,https://twitter.com/zhyrkovsky/status/798807389088559104
206,845211,6230,11/16/16 6:13,Retweet by MarkLives.com,marklives,7.98807E+17,https://twitter.com/marklives/status/798807285875122176
206,845210,6230,11/16/16 6:13,Retweet by African Geek Goddess,RonellSharee,7.9883E+17,https://twitter.com/RonellSharee/status/798829919262212097
206,839298,6230,11/15/16 6:19,Tweet by Kabelo Mpyatona,KabeloMpyatona,7.98476E+17,https://twitter.com/KabeloMpyatona/status/798475981732319232
206,838181,6230,11/15/16 3:16,Tweet by knowledgebroker,knowledgebroker,7.98398E+17,https://twitter.com/knowledgebroker/status/798397993959456768
206,833544,6230,11/14/16 4:37,Retweet by Kgauhelo Dube,kgauzagp,7.9804E+17,https://twitter.com/kgauzagp/status/798039739798405120
206,833214,6230,11/14/16 4:36,Retweet by Simone Puterman,SimoneAtLarge,7.98062E+17,https://twitter.com/SimoneAtLarge/status/798061840920145920
206,832474,6230,11/14/16 0:48,Tweet by MarkLives.com,marklives,7.98037E+17,https://twitter.com/marklives/status/798036969070596096
206,829243,6230,11/13/16 9:42,Tweet by Sacha Ristic,littleristic,7.9773E+17,https://twitter.com/littleristic/status/797730453541175296
206,804130,6230,11/10/16 5:58,Retweet by Simone Puterman,SimoneAtLarge,7.96623E+17,https://twitter.com/SimoneAtLarge/status/796623151094525953
206,803162,6230,11/10/16 2:54,Tweet by SensorNetworks,SensorNetworkx,7.9661E+17,https://twitter.com/SensorNetworkx/status/796609686569041920
206,803161,6230,11/10/16 2:54,Tweet by MarkLives.com,marklives,7.96612E+17,https://twitter.com/marklives/status/796612203063418880
206,791000,6230,11/8/16 8:53,Retweet by Veli Ngubane,TheNduna,7.95978E+17,https://twitter.com/TheNduna/status/795977588472762368
206,790246,6230,11/8/16 5:54,Tweet by Zeus Technologiesâ„¢,ZeusTech1,7.95491E+17,https://twitter.com/ZeusTech1/status/795491412619984896
206,789202,6230,11/8/16 2:53,Tweet by knowledgebroker,knowledgebroker,7.95861E+17,https://twitter.com/knowledgebroker/status/795861230497988608
206,789201,6230,11/8/16 2:53,Retweet by Emma Gumbu,EmmaGumbu,7.95872E+17,https://twitter.com/EmmaGumbu/status/795871901524656128
206,789200,6230,11/8/16 2:53,Retweet by MarkLives.com,marklives,7.95871E+17,https://twitter.com/marklives/status/795871467267387392
206,785526,6230,11/7/16 11:54,Tweet by The Brand Studio,BrandStudioSA,7.95659E+17,https://twitter.com/BrandStudioSA/status/795658845473439744
206,785525,6230,11/7/16 11:54,Retweet by Oresti Patricios,Orestaki,7.95669E+17,https://twitter.com/Orestaki/status/795669290003365888
206,784323,6230,11/7/16 8:54,Tweet by AVATAR South Africa,Avatar_ZA,7.95583E+17,https://twitter.com/Avatar_ZA/status/795582603088764928
206,784322,6230,11/7/16 8:54,Retweet by MarkLives.com,marklives,7.9562E+17,https://twitter.com/marklives/status/795619597332385792
206,783718,6230,11/7/16 5:59,Retweet by Rudzani,theideajunkie,7.9551E+17,https://twitter.com/theideajunkie/status/795510029541588992
206,783717,6230,11/7/16 5:59,Retweet by Veli Ngubane,TheNduna,7.95547E+17,https://twitter.com/TheNduna/status/795547295890677760
206,783716,6230,11/7/16 5:59,Tweet by Brand Council SA,BrandCouncilSA,7.95551E+17,https://twitter.com/BrandCouncilSA/status/795550659764428800
206,783715,6230,11/7/16 5:59,Retweet by Zibusiso Mkhwanazi,ZibusisoSays,7.95552E+17,https://twitter.com/ZibusisoSays/status/795551573309063168
206,783714,6230,11/7/16 5:58,Tweet by MarkLives.com,marklives,7.95499E+17,https://twitter.com/marklives/status/795499149680635904
206,783713,6230,11/7/16 5:58,Retweet by Simone Puterman,SimoneAtLarge,7.95533E+17,https://twitter.com/SimoneAtLarge/status/795533047089090560
206,762615,6230,11/3/16 19:01,Retweet by S_Gums,sthaeve,7.94277E+17,https://twitter.com/sthaeve/status/794276570856824832
206,761894,6230,11/3/16 15:54,Retweet by JoePublicZim,JoePublicZim,7.94247E+17,https://twitter.com/JoePublicZim/status/794246700852461569
206,756759,6230,11/3/16 6:55,Retweet by Pepe Marais,pepemarais,7.94123E+17,https://twitter.com/pepemarais/status/794123380400259072
206,755814,6230,11/3/16 3:59,Retweet by Vusumuzi Khoza,Am_Not_Adj,7.94072E+17,https://twitter.com/Am_Not_Adj/status/794072037014859776
206,755813,6230,11/3/16 3:59,Tweet by MarkLives.com,marklives,7.94069E+17,https://twitter.com/marklives/status/794068866074820608
206,755812,6230,11/3/16 3:59,Retweet by Simone Puterman,SimoneAtLarge,7.94071E+17,https://twitter.com/SimoneAtLarge/status/794071331096641536
206,751115,6230,11/2/16 9:59,Tweet by OLRAC SPS SA,OLRACSPS,7.93801E+17,https://twitter.com/OLRACSPS/status/793800846056296448
206,746599,6230,11/1/16 15:55,Tweet by Diani,diani_smit,7.93503E+17,https://twitter.com/diani_smit/status/793502525857169408
206,743085,6230,11/1/16 3:59,Retweet by MarkLives.com,marklives,7.93323E+17,https://twitter.com/marklives/status/793322873951846400
206,739024,6230,10/31/16 12:54,Tweet by PR Expert,PRExpertSA,7.93106E+17,https://twitter.com/PRExpertSA/status/793105601165418498
206,738103,6230,10/31/16 9:58,Tweet by OrnicoKenya,OrnicoKenya,7.93052E+17,https://twitter.com/OrnicoKenya/status/793052291465175041
206,737483,6230,10/31/16 6:55,Tweet by Marketing agent,marketing_agen,7.93E+17,https://twitter.com/marketing_agen/status/793000083994337280
206,736642,6230,10/31/16 3:58,Retweet by VRP,VRPotgieter,7.92983E+17,https://twitter.com/VRPotgieter/status/792983201824276480
206,736641,6230,10/31/16 3:58,Retweet by MarkLives.com,marklives,7.9296E+17,https://twitter.com/marklives/status/792960361762811904
206,736640,6230,10/31/16 3:58,Tweet by MarkLives.com,marklives,7.92978E+17,https://twitter.com/marklives/status/792977817646534658
206,736639,6230,10/31/16 3:58,Retweet by Simone Puterman,SimoneAtLarge,7.9299E+17,https://twitter.com/SimoneAtLarge/status/792989866191708160
206,736638,6230,10/31/16 3:58,Retweet by Oresti Patricios,Orestaki,7.92999E+17,https://twitter.com/Orestaki/status/792998888269553664
206,736004,6230,10/31/16 0:56,Tweet by CABnetwork,CABnetwork,7.92937E+17,https://twitter.com/CABnetwork/status/792936744190488576
206,723996,6230,10/29/16 4:04,Tweet by Brian Bosire Onyi,BosireOnyi,7.92274E+17,https://twitter.com/BosireOnyi/status/792274181912137728
206,711050,6230,10/27/16 9:53,Tweet by Silvertree Capital,SilvertreeCap,7.91605E+17,https://twitter.com/SilvertreeCap/status/791605139140403201
206,711049,6230,10/27/16 9:53,Tweet by BUC Ltd,BUCLtd,7.91613E+17,https://twitter.com/BUCLtd/status/791612617001431040
206,710149,6230,10/27/16 6:55,Retweet by Oresti Patricios,Orestaki,7.9157E+17,https://twitter.com/Orestaki/status/791569530489298945
206,709048,6230,10/27/16 3:55,Tweet by MarkLives.com,marklives,7.91523E+17,https://twitter.com/marklives/status/791523154451689472
206,709047,6230,10/27/16 3:55,Retweet by Simone Puterman,SimoneAtLarge,7.91526E+17,https://twitter.com/SimoneAtLarge/status/791525750381969410
206,709046,6230,10/27/16 3:55,Tweet by Francois van Dyk,sbalie,7.91536E+17,https://twitter.com/sbalie/status/791536404820099072
206,708233,6230,10/27/16 0:59,Tweet by CABnetwork,CABnetwork,7.91483E+17,https://twitter.com/CABnetwork/status/791482956997021696
206,705175,6229,10/26/16 13:34,How the Global Open Data Movement is Transforming Journalism - Innovation Insights,,,
206,705044,6230,10/26/16 12:54,Tweet by Innocomm,InnocommSA,7.91301E+17,https://twitter.com/InnocommSA/status/791300992256077828
206,705043,6230,10/26/16 12:54,Tweet by Jacqueline Boulos,JBoulos,7.91301E+17,https://twitter.com/JBoulos/status/791301008131551232
206,703007,6230,10/26/16 6:57,Tweet by Detrack Systems,detrack,7.91203E+17,https://twitter.com/detrack/status/791203288725254144
206,702138,6230,10/26/16 3:53,Retweet by MarkLives.com,marklives,7.91157E+17,https://twitter.com/marklives/status/791156807888666625
206,697834,6230,10/25/16 12:52,Tweet by MÃ©dard AGBAYAZON,agbayazonmedard,7.90952E+17,https://twitter.com/agbayazonmedard/status/790952106832367616
206,695896,6230,10/25/16 6:52,Tweet by SensorNetworks,SensorNetworkx,7.90858E+17,https://twitter.com/SensorNetworkx/status/790858032058171392
206,690442,6230,10/24/16 12:59,Retweet by Tunga by Ernesto,tunga_io,7.90563E+17,https://twitter.com/tunga_io/status/790563387658862592
206,690441,6230,10/24/16 12:59,Tweet by SensorNetworks,SensorNetworkx,7.90585E+17,https://twitter.com/SensorNetworkx/status/790585020847099904
206,688699,6230,10/24/16 6:54,Tweet by CABnetwork,CABnetwork,7.90432E+17,https://twitter.com/CABnetwork/status/790431541658738688
206,688697,6230,10/24/16 6:54,Tweet by MarkLives.com,marklives,7.90447E+17,https://twitter.com/marklives/status/790446665576615936
206,688696,6230,10/24/16 6:54,Retweet by Simone Puterman,SimoneAtLarge,7.90452E+17,https://twitter.com/SimoneAtLarge/status/790451701555814400
206,688695,6230,10/24/16 6:54,Tweet by Vincent N Ndonye,VNNdonye,7.90457E+17,https://twitter.com/VNNdonye/status/790456797438042112
206,669329,6230,10/21/16 6:52,Tweet by Howard Sherman,hsherman,7.89406E+17,https://twitter.com/hsherman/status/789406206418821120
206,668682,6230,10/20/16 21:54,Tweet by News You Need 2 Know,AfricaAgricult,7.89254E+17,https://twitter.com/AfricaAgricult/status/789254225226268672
206,667436,6230,10/20/16 6:51,Tweet by Vincent N Ndonye,VNNdonye,7.89056E+17,https://twitter.com/VNNdonye/status/789056106773487617
206,667435,6230,10/20/16 6:50,Retweet by Ornico,OrnicoMedia,7.89013E+17,https://twitter.com/OrnicoMedia/status/789012527405465600
206,665980,6230,10/20/16 3:53,Tweet by CABnetwork,CABnetwork,7.88944E+17,https://twitter.com/CABnetwork/status/788944037415821312
206,665979,6230,10/20/16 3:53,Tweet by MarkLives.com,marklives,7.88999E+17,https://twitter.com/marklives/status/788998807510024192
206,665978,6230,10/20/16 3:53,Retweet by Simone Puterman,SimoneAtLarge,7.89001E+17,https://twitter.com/SimoneAtLarge/status/789000914254331904
206,650200,6230,10/17/16 15:54,Tweet by Thierry Secheresse,thecreativeglob,7.88065E+17,https://twitter.com/thecreativeglob/status/788064518324695040
206,649506,6230,10/17/16 10:01,Tweet by Bokamoso Mabiletsa,Bokamoso_SA,7.88005E+17,https://twitter.com/Bokamoso_SA/status/788004840752513024
206,649505,6230,10/17/16 10:01,Retweet by MarkLives.com,marklives,7.88015E+17,https://twitter.com/marklives/status/788014541397434370
206,649359,6230,10/17/16 6:53,Tweet by Oluwabusayomi,BusayomiSotunde,7.87944E+17,https://twitter.com/BusayomiSotunde/status/787943725532061696
206,649358,6230,10/17/16 6:53,Retweet by Ornico,OrnicoMedia,7.87942E+17,https://twitter.com/OrnicoMedia/status/787941630141661184
206,649081,6230,10/17/16 3:53,Tweet by CABnetwork,CABnetwork,7.87861E+17,https://twitter.com/CABnetwork/status/787860562109603840
206,649080,6230,10/17/16 3:53,Tweet by Francois van Dyk,sbalie,7.87915E+17,https://twitter.com/sbalie/status/787914540021346304
206,649079,6230,10/17/16 3:53,Tweet by MarkLives.com,marklives,7.87919E+17,https://twitter.com/marklives/status/787918852252438528
206,649078,6230,10/17/16 3:53,Retweet by Simone Puterman,SimoneAtLarge,7.87919E+17,https://twitter.com/SimoneAtLarge/status/787918972914135040
206,644710,6230,10/14/16 3:53,Tweet by Maverick Mind,MaverickMind1,7.86809E+17,https://twitter.com/MaverickMind1/status/786809059861143552
206,643501,6230,10/13/16 6:56,Tweet by mike,brandsrock,7.86493E+17,https://twitter.com/brandsrock/status/786493429467353090
206,643500,6230,10/13/16 6:56,Retweet by Ornico,OrnicoMedia,7.86482E+17,https://twitter.com/OrnicoMedia/status/786482184114679808
206,643139,6230,10/13/16 3:53,Tweet by MarkLives.com,marklives,7.8647E+17,https://twitter.com/marklives/status/786469756438061056
206,643138,6230,10/13/16 3:53,Retweet by Simone Puterman,SimoneAtLarge,7.86472E+17,https://twitter.com/SimoneAtLarge/status/786471587868389376
206,643022,6230,10/13/16 0:54,Tweet by CABnetwork,CABnetwork,7.86415E+17,https://twitter.com/CABnetwork/status/786414757796466689
206,639641,6230,10/11/16 3:56,Retweet by Sophia Karakeva,soka1605,7.85737E+17,https://twitter.com/soka1605/status/785736603322896385
206,639640,6230,10/11/16 3:56,Retweet by MarkLives.com,marklives,7.85743E+17,https://twitter.com/marklives/status/785743085380567040
206,639104,6230,10/10/16 15:54,Tweet by Initiative4GlobalDev,IGDleaders,7.85548E+17,https://twitter.com/IGDleaders/status/785548013137780736
206,638859,6230,10/10/16 12:53,Retweet by Oresti Patricios,Orestaki,7.85493E+17,https://twitter.com/Orestaki/status/785492593685790720
206,638536,6230,10/10/16 9:59,Retweet by YellowDoorCollective,HelloYellowDoor,7.85469E+17,https://twitter.com/HelloYellowDoor/status/785468943079186432
206,638535,6230,10/10/16 9:59,Tweet by Francois van Dyk,sbalie,7.85472E+17,https://twitter.com/sbalie/status/785472469138366464
206,638417,6230,10/10/16 7:00,Tweet by Mich Clarke,MichClarke,7.85415E+17,https://twitter.com/MichClarke/status/785414642977894400
206,638215,6230,10/10/16 3:54,Tweet by Maverick Mind,MaverickMind1,7.85375E+17,https://twitter.com/MaverickMind1/status/785374645205827584
206,638214,6230,10/10/16 3:53,Tweet by Tom Cuthell,CuthellT,7.85378E+17,https://twitter.com/CuthellT/status/785378262520324096
206,638213,6230,10/10/16 3:53,Tweet by MarkLives.com,marklives,7.85379E+17,https://twitter.com/marklives/status/785379076152393728
206,638212,6230,10/10/16 3:53,Retweet by Simone Puterman,SimoneAtLarge,7.85379E+17,https://twitter.com/SimoneAtLarge/status/785379173699317760
206,638211,6230,10/10/16 3:53,Retweet by Ornico,OrnicoMedia,7.85379E+17,https://twitter.com/OrnicoMedia/status/785379350334017536
206,638210,6230,10/10/16 3:53,Tweet by Marketing agent,marketing_agen,7.8538E+17,https://twitter.com/marketing_agen/status/785379615229505540
206,638113,6230,10/10/16 0:53,Tweet by CABnetwork,CABnetwork,7.85329E+17,https://twitter.com/CABnetwork/status/785328952583659521
206,636719,6229,10/8/16 13:50,Leveraging Open Data to Fight Ebola â€“ The New Context,,,
206,633397,6230,10/6/16 19:06,Tweet by Marketing agent,marketing_agen,7.83921E+17,https://twitter.com/marketing_agen/status/783920993291145216
206,632709,6230,10/6/16 10:00,Tweet by Francois van Dyk,sbalie,7.84006E+17,https://twitter.com/sbalie/status/784006352339406848
206,632708,6230,10/6/16 10:00,Retweet by Ornico,OrnicoMedia,7.84008E+17,https://twitter.com/OrnicoMedia/status/784008081663463424
206,631806,6230,10/6/16 3:55,Retweet by Mari Blumenthal,LMariB,7.83937E+17,https://twitter.com/LMariB/status/783936559716466688
206,631805,6230,10/6/16 3:55,Tweet by MarkLives.com,marklives,7.83933E+17,https://twitter.com/marklives/status/783933008000745472
206,631804,6230,10/6/16 3:55,Retweet by Simone Puterman,SimoneAtLarge,7.83933E+17,https://twitter.com/SimoneAtLarge/status/783933283495243776
206,631803,6230,10/6/16 3:55,Retweet by GIBS Business School,GIBS_SA,7.83935E+17,https://twitter.com/GIBS_SA/status/783934615513927680
206,631802,6230,10/6/16 3:55,Tweet by Dianna Games,DiannaGames,7.83936E+17,https://twitter.com/DiannaGames/status/783936218094592001
206,631801,6230,10/6/16 3:55,Retweet by Ornico,OrnicoMedia,7.83939E+17,https://twitter.com/OrnicoMedia/status/783938513507090432
206,631536,6230,10/6/16 0:54,Tweet by CABnetwork,CABnetwork,7.83865E+17,https://twitter.com/CABnetwork/status/783865023030366209
206,630160,6230,10/5/16 3:55,Tweet by FanaSeason I'Ngwenya,EmmanZwaneSA,7.83542E+17,https://twitter.com/EmmanZwaneSA/status/783542499495317504
206,628668,6230,10/4/16 6:58,Retweet by Janine Smith,ConciergeSA,7.83218E+17,https://twitter.com/ConciergeSA/status/783218294761349120
206,628303,6230,10/4/16 3:59,Tweet by Tom Cuthell,CuthellT,7.83205E+17,https://twitter.com/CuthellT/status/783204753509584896
206,628302,6230,10/4/16 3:59,Retweet by MarkLives.com,marklives,7.83176E+17,https://twitter.com/marklives/status/783176216115380224
206,628301,6230,10/4/16 3:59,Retweet by Francois van Dyk,sbalie,7.83203E+17,https://twitter.com/sbalie/status/783203139755409408
206,628300,6230,10/4/16 3:59,Retweet by MarkLives.com,marklives,7.83212E+17,https://twitter.com/marklives/status/783211609758035968
206,628299,6230,10/4/16 3:59,Retweet by Dashboard,DashboardMI,7.83212E+17,https://twitter.com/DashboardMI/status/783212079431847936
206,627711,6230,10/3/16 15:59,Tweet by PadgettTharp,PadgettTharp,7.83001E+17,https://twitter.com/PadgettTharp/status/783000516896825344
206,627006,6230,10/3/16 7:01,Retweet by Kevin TheGeek,Kevin_TheGeek,7.82872E+17,https://twitter.com/Kevin_TheGeek/status/782871599955386368
206,627005,6230,10/3/16 7:01,Tweet by BUC Ltd,BUCLtd,7.82895E+17,https://twitter.com/BUCLtd/status/782894847376158720
206,626750,6230,10/3/16 4:04,Tweet by Bizro South Africa,BizroSouth,7.82854E+17,https://twitter.com/BizroSouth/status/782853524161867776
206,626749,6230,10/3/16 4:04,Tweet by Francois van Dyk,sbalie,7.82839E+17,https://twitter.com/sbalie/status/782839386853507072
206,626748,6230,10/3/16 4:04,Tweet by MarkLives.com,marklives,7.82843E+17,https://twitter.com/marklives/status/782842595361914880
206,626747,6230,10/3/16 4:04,Retweet by Ornico,OrnicoMedia,7.82845E+17,https://twitter.com/OrnicoMedia/status/782845284237905920
206,626746,6230,10/3/16 4:04,Retweet by Oresti Patricios,Orestaki,7.82852E+17,https://twitter.com/Orestaki/status/782851810474221568
206,626618,6230,10/3/16 0:58,Tweet by Africa Mining News,africaminenews,7.82793E+17,https://twitter.com/africaminenews/status/782792935939117056
206,625390,6230,10/2/16 3:54,Retweet by Bwana Maina,BwanaMaina,7.82457E+17,https://twitter.com/BwanaMaina/status/782457082196946944
206,623285,6230,9/30/16 12:59,Tweet by AfroDiasporan,AfroDiasporan,7.81863E+17,https://twitter.com/AfroDiasporan/status/781863101473943552
206,623284,6230,9/30/16 12:59,Retweet by Jeelig,Jeelig,7.81874E+17,https://twitter.com/Jeelig/status/781874308104720385
206,622901,6230,9/30/16 10:14,Tweet by Mobile Web Africa,mwebafrica,7.81779E+17,https://twitter.com/mwebafrica/status/781779421682397184
206,622900,6230,9/30/16 10:13,Retweet by MarkLives.com,marklives,7.81781E+17,https://twitter.com/marklives/status/781780846323859456
206,611751,6230,9/26/16 15:59,Tweet by THE3DPRINTER.COM,3dprint3r,7.80454E+17,https://twitter.com/3dprint3r/status/780454160202211328
206,610417,6230,9/26/16 9:56,Tweet by Oresti Patricios,Orestaki,7.80362E+17,https://twitter.com/Orestaki/status/780362316315553792
206,610416,6230,9/26/16 9:56,Tweet by Sophia Karakeva,soka1605,7.80363E+17,https://twitter.com/soka1605/status/780363063929212928
206,610415,6230,9/26/16 9:56,Retweet by DataScouting,DataScouting,7.80364E+17,https://twitter.com/DataScouting/status/780364393213288448
206,610414,6230,9/26/16 9:56,Retweet by Ornico,OrnicoMedia,7.80381E+17,https://twitter.com/OrnicoMedia/status/780381437992263681
206,610266,6230,9/26/16 6:54,Tweet by MarkLives.com,marklives,7.80317E+17,https://twitter.com/marklives/status/780317276125925376
206,610265,6230,9/26/16 6:54,Retweet by DataScouting,DataScouting,7.80318E+17,https://twitter.com/DataScouting/status/780318365042798592
206,610264,6230,9/26/16 6:54,Retweet by Simone Puterman,SimoneAtLarge,7.80325E+17,https://twitter.com/SimoneAtLarge/status/780325000184229888
206,610039,6230,9/26/16 3:58,Tweet by Francois van Dyk,sbalie,7.8031E+17,https://twitter.com/sbalie/status/780310074967355392
206,609907,6230,9/26/16 0:59,Tweet by CABnetwork,CABnetwork,7.8025E+17,https://twitter.com/CABnetwork/status/780249763740393472
206,608545,6230,9/24/16 18:58,Tweet by The Prepaid Economy,prepaid_africa,7.79729E+17,https://twitter.com/prepaid_africa/status/779729058611560448
206,604740,6229,9/22/16 14:16,$1 Million In Grants To Support Digital Media And Civic Participation In Africa | Sahara Reporters,,,
206,604130,6230,9/22/16 7:16,Retweet by OrnicoKenya,OrnicoKenya,7.7889E+17,https://twitter.com/OrnicoKenya/status/778889821913767936
206,604129,6230,9/22/16 7:16,Tweet by Oresti Patricios,Orestaki,7.78881E+17,https://twitter.com/Orestaki/status/778881403991756800
206,604128,6230,9/22/16 7:16,Retweet by Ornico,OrnicoMedia,7.78898E+17,https://twitter.com/OrnicoMedia/status/778897824494870528
206,604127,6230,9/22/16 7:16,Retweet by Sophia Karakeva,soka1605,7.78898E+17,https://twitter.com/soka1605/status/778897889674334208
206,604126,6230,9/22/16 7:16,Retweet by Ornico,OrnicoMedia,7.78898E+17,https://twitter.com/OrnicoMedia/status/778897906694848512
206,603694,6230,9/22/16 3:58,Tweet by MarkLives.com,marklives,7.78862E+17,https://twitter.com/marklives/status/778861861030821888
206,603693,6230,9/22/16 3:58,Retweet by Simone Puterman,SimoneAtLarge,7.78864E+17,https://twitter.com/SimoneAtLarge/status/778864115905421312
206,603561,6230,9/22/16 0:59,Tweet by CABnetwork,CABnetwork,7.78792E+17,https://twitter.com/CABnetwork/status/778792096127791104
206,600664,6230,9/20/16 10:02,Retweet by Mark Zeller,markzella,7.7819E+17,https://twitter.com/markzella/status/778190256852049923
206,600519,6230,9/20/16 6:59,Retweet by Mrs Mkuzo Magape,BluchanelZN,7.78143E+17,https://twitter.com/BluchanelZN/status/778143204726169601
206,600518,6230,9/20/16 6:59,Retweet by GIBS Business School,GIBS_SA,7.78141E+17,https://twitter.com/GIBS_SA/status/778140661358919680
206,600084,6230,9/20/16 3:55,Tweet by MarkLives.com,marklives,7.78108E+17,https://twitter.com/marklives/status/778107945934618624
206,600083,6230,9/20/16 3:55,Retweet by Simone Puterman,SimoneAtLarge,7.78116E+17,https://twitter.com/SimoneAtLarge/status/778115905670811649
206,600082,6230,9/20/16 3:55,Tweet by Francois van Dyk,sbalie,7.78134E+17,https://twitter.com/sbalie/status/778134110321672193
206,600081,6230,9/20/16 3:55,Retweet by Sophia Karakeva,soka1605,7.7814E+17,https://twitter.com/soka1605/status/778139930904109062
206,599932,6230,9/20/16 0:59,Tweet by Mobi Design,MobiDesign1,7.78089E+17,https://twitter.com/MobiDesign1/status/778089431148429312
206,599295,6230,9/19/16 15:56,Retweet by â˜…CHARLIE MATHEWSâ˜…,mandyldewaal,7.7795E+17,https://twitter.com/mandyldewaal/status/777949847567695872
206,598983,6230,9/19/16 12:59,Retweet by Ornico,OrnicoMedia,7.7785E+17,https://twitter.com/OrnicoMedia/status/777850015653957632
206,592375,6230,9/16/16 7:02,Tweet by Oresti Patricios,Orestaki,7.76706E+17,https://twitter.com/Orestaki/status/776706441495314432
206,592374,6230,9/16/16 7:02,Retweet by MarkLives.com,marklives,7.76718E+17,https://twitter.com/marklives/status/776717605814099968
206,588939,6230,9/15/16 13:10,Retweet by ANDY MKOSI,AndyMkosi,7.76453E+17,https://twitter.com/AndyMkosi/status/776452553756250112
206,587754,6230,9/15/16 4:21,Retweet by MarkLives.com,marklives,7.76303E+17,https://twitter.com/marklives/status/776303281610055680
206,586729,6230,9/14/16 12:56,Tweet by nollywood,nollywoodplus,7.76077E+17,https://twitter.com/nollywoodplus/status/776077074712801280
206,586728,6230,9/14/16 12:56,Retweet by Napjadi,BlaqAlexis,7.76084E+17,https://twitter.com/BlaqAlexis/status/776083620821921792
206,586439,6230,9/14/16 9:58,Retweet by MarkLives.com,marklives,7.76017E+17,https://twitter.com/marklives/status/776017151677300736
206,586226,6230,9/14/16 6:59,Tweet by Marketing agent,marketing_agen,7.7601E+17,https://twitter.com/marketing_agen/status/776009604673208320
206,585775,6230,9/14/16 3:58,Tweet by CABnetwork,CABnetwork,7.75906E+17,https://twitter.com/CABnetwork/status/775905817631404032
206,585774,6230,9/14/16 3:58,Retweet by Simone Puterman,SimoneAtLarge,7.75959E+17,https://twitter.com/SimoneAtLarge/status/775958774095880192
206,585773,6230,9/14/16 3:58,Tweet by MarkLives.com,marklives,7.75955E+17,https://twitter.com/marklives/status/775955393713348613
206,585772,6230,9/14/16 3:58,Tweet by Francois van Dyk,sbalie,7.75964E+17,https://twitter.com/sbalie/status/775963701291552768
206,581209,6230,9/11/16 3:59,Tweet by FanaSeason I'Ngwenya,EmmanZwaneSA,7.7488E+17,https://twitter.com/EmmanZwaneSA/status/774879770723123200
206,580672,6230,9/10/16 16:04,Tweet by Tseliso Monaheng,nemesisinc,7.74686E+17,https://twitter.com/nemesisinc/status/774686122534395904
206,577539,6230,9/8/16 16:08,Retweet by Anchen Laubscher,AnchenLaubscher,7.73966E+17,https://twitter.com/AnchenLaubscher/status/773966462516068352
206,577538,6230,9/8/16 16:08,Tweet by media update,MediaUpdate,7.73929E+17,https://twitter.com/MediaUpdate/status/773928511094620160
206,577537,6230,9/8/16 16:08,Tweet by media update,MediaUpdate,7.73931E+17,https://twitter.com/MediaUpdate/status/773931147776626688
206,577536,6230,9/8/16 16:08,Retweet by Apaphia,apaphialefatle,7.73932E+17,https://twitter.com/apaphialefatle/status/773932122830696448
206,577535,6230,9/8/16 16:08,Tweet by media update,MediaUpdate,7.73934E+17,https://twitter.com/MediaUpdate/status/773933513758433280
206,577534,6230,9/8/16 16:08,Tweet by media update,MediaUpdate,7.73934E+17,https://twitter.com/MediaUpdate/status/773933786593632256
206,577207,6230,9/8/16 12:58,Retweet by Apaphia,apaphialefatle,7.73921E+17,https://twitter.com/apaphialefatle/status/773920847371395072
206,577206,6230,9/8/16 12:58,Retweet by Rianette Leibowitz,rianette,7.73923E+17,https://twitter.com/rianette/status/773922834305392640
206,577205,6230,9/8/16 12:58,Tweet by media update,MediaUpdate,7.73925E+17,https://twitter.com/MediaUpdate/status/773925361188995072
206,577204,6230,9/8/16 12:58,Retweet by GIBS Business School,GIBS_SA,7.73907E+17,https://twitter.com/GIBS_SA/status/773906683911368705
206,574947,6229,9/7/16 13:48,$1 Million In Grants To Support Digital Media And Civic Participation In Africa | Sahara Reporters,,,
206,574271,6230,9/7/16 9:58,Tweet by Francois van Dyk,sbalie,7.73437E+17,https://twitter.com/sbalie/status/773437210045587456
206,569170,6230,9/4/16 9:59,Tweet by Alison Gillwald,alison_gillwald,7.71007E+17,https://twitter.com/alison_gillwald/status/771006678649176064
206,540885,6229,8/15/16 14:07,Resources | The OpenSpending Blog - OpenSpending â€“ Mapping the Money Worldwide,,,
206,537593,6229,8/13/16 14:24,Chief Operating Officer | Opportunities by Code for Africa,,,
206,516696,6230,8/2/16 13:37,Retweet by PUSH2sign,push2sign,7.60478E+17,https://twitter.com/push2sign/status/760478062664450048
206,511516,6230,7/30/16 13:30,Tweet by Porcupine Rest Camp,CampPorcupine,7.58607E+17,https://twitter.com/CampPorcupine/status/758607216383520768
206,511515,6230,7/30/16 13:30,Retweet by Alicatt Tours,Alicattours,7.59051E+17,https://twitter.com/Alicattours/status/759050801759137792
206,509995,6229,7/29/16 13:36,tutorials | The OpenSpending Blog - OpenSpending â€“ Mapping the Money Worldwide,,,
206,504733,6229,7/27/16 12:54,DonnÃ©es statistiques - Guides par discipline - BibliothÃ¨ques - UniversitÃ© de MontrÃ©al,,,
206,502733,6229,7/26/16 13:37,Code for Africa: Chief Operating Officer | NGO Pulse,,,
206,497457,6229,7/24/16 13:11,Africa Journalism Fund Water and Sanitation : PCDN,,,
206,481592,6229,7/17/16 19:12,innovateAFRICA Programme Manager | Opportunities by Code for Africa,,,
206,481591,6229,7/17/16 19:12,How to Visualize Data With OpenSpending,,,
206,439174,6230,7/8/16 4:33,Tweet by Masood,CurryboyMasood,7.51329E+17,https://twitter.com/CurryboyMasood/status/751329360804806657
206,438223,6230,7/7/16 10:36,Tweet by Masood,CurryboyMasood,7.50954E+17,https://twitter.com/CurryboyMasood/status/750954078004449284
206,418142,6230,6/27/16 10:34,Tweet by Open Africa,OpenAfricaOrg,7.4736E+17,https://twitter.com/OpenAfricaOrg/status/747360232192389120
206,410561,6230,6/21/16 22:38,Tweet by florian mutabazi,florianmutabaz1,7.44902E+17,https://twitter.com/florianmutabaz1/status/744902259838955520
206,366339,6229,6/7/16 13:54,Knight Foundation News Challenge - How might we improve the way citizens and governments interact? - Submission - AfricanSpending - Monitoring the Money - Enabling Journalists &amp,,,
206,363138,6230,6/5/16 16:39,Tweet by Ruth Salmon,ruthmsalmon,7.39444E+17,https://twitter.com/ruthmsalmon/status/739443545204006912
206,363137,6230,6/5/16 16:39,Tweet by OpenDataTaylorSwift,t_s_institute,7.39444E+17,https://twitter.com/t_s_institute/status/739443639651344384
206,350990,6230,5/30/16 4:40,Retweet by #VisaFreeAfrica,KigaliShapers,7.37167E+17,https://twitter.com/KigaliShapers/status/737166814245969920
206,350989,6230,5/30/16 4:40,Retweet by Ephraim Rwamwenge,e_rwa,7.37181E+17,https://twitter.com/e_rwa/status/737180745589002240
206,350594,6230,5/29/16 19:33,Tweet by Daniel Ddiba,DanielDdiba,7.37045E+17,https://twitter.com/DanielDdiba/status/737045424792608768
206,349761,6230,5/29/16 7:31,Tweet by Jenman Safaris,JenmanSafaris,7.35843E+17,https://twitter.com/JenmanSafaris/status/735842964065398789
206,349760,6230,5/29/16 7:32,Tweet by stacia,tunomuinyo,7.35863E+17,https://twitter.com/tunomuinyo/status/735862750010806274
206,349759,6230,5/29/16 7:31,Retweet by thugmotional,wittnsass,7.35864E+17,https://twitter.com/wittnsass/status/735864020218064896
206,349758,6230,5/29/16 7:31,Retweet by Emily,PrincessNdilo,7.35866E+17,https://twitter.com/PrincessNdilo/status/735865518595284997
206,253293,6229,4/28/16 5:28,Biblioteca de Apps cÃ_vicosCivic Apps - Fondo Acelerador de Innovaciones CÃ_vicas,,,
206,222339,6230,4/13/16 4:14,Tweet by Abdu Adamu,DoctorActivist,6.90177E+17,https://twitter.com/DoctorActivist/status/690177293998751744
206,222338,6230,4/13/16 4:14,Tweet by Open Africa,OpenAfricaOrg,6.34632E+17,https://twitter.com/OpenAfricaOrg/status/634632282461065216
206,222337,6230,4/13/16 4:14,Tweet by ismael ouedraogo,ismaeldramani,6.51718E+17,https://twitter.com/ismaeldramani/status/651718270190551040
206,222336,6230,4/13/16 4:14,Tweet by Mandi Scholtz,mandischoltz,6.20632E+17,https://twitter.com/mandischoltz/status/620631796150050816
206,222335,6230,4/13/16 4:14,Tweet by Open Africa,OpenAfricaOrg,6.34312E+17,https://twitter.com/OpenAfricaOrg/status/634311670987419648
206,222334,6230,4/13/16 4:14,Retweet by Kariega Game Reserve,KariegaGameRes,6.04303E+17,https://twitter.com/KariegaGameRes/status/604302997632466944
206,222333,6230,4/13/16 4:14,Tweet by Remi Okunlola,RemiOkunlola,6.95148E+17,https://twitter.com/RemiOkunlola/status/695147613432209408
206,222332,6230,4/13/16 4:14,Tweet by Citizens Initiatives,IGC_Cameroon,7.00945E+17,https://twitter.com/IGC_Cameroon/status/700944566933921792
206,222331,6230,4/13/16 4:14,Tweet by Abdu Adamu,DoctorActivist,6.74979E+17,https://twitter.com/DoctorActivist/status/674978940373573632
206,222330,6230,4/13/16 4:14,Tweet by kelsey wiens,bella_velo,6.7283E+17,https://twitter.com/bella_velo/status/672830274196119552
206,222329,6230,4/13/16 4:14,Tweet by Abdu Adamu,DoctorActivist,6.71427E+17,https://twitter.com/DoctorActivist/status/671427127728840704
206,222328,6230,4/13/16 4:14,Tweet by chavent,nicolas_chavent,6.37643E+17,https://twitter.com/nicolas_chavent/status/637642606801997825
206,220098,6230,4/12/16 19:08,Tweet by Gaey,geancbet,7.19035E+17,https://twitter.com/geancbet/status/719034848866865152
206,210910,6229,4/9/16 2:36,BBC News Labs Documentation,,,
206,160668,6230,3/25/16 4:23,Tweet by Code For Africa,Code4Africa,7.1292E+17,https://twitter.com/Code4Africa/status/712919566469476352
206,160667,6230,3/25/16 4:23,Retweet by Sibusiso Sibande,MaxVerified,7.1292E+17,https://twitter.com/MaxVerified/status/712919636531093504
206,160666,6230,3/25/16 4:23,Retweet by Sophie Lafayette,slafayette,7.1292E+17,https://twitter.com/slafayette/status/712920280641970176
206,160665,6230,3/25/16 4:23,Retweet by Solomon Mekonnen,SolomonMekonne8,7.12921E+17,https://twitter.com/SolomonMekonne8/status/712921159562604544
206,160664,6230,3/25/16 4:23,Retweet by á»‰â„µsÏ„rucÏ„á»‰us,Instructius,7.12938E+17,https://twitter.com/Instructius/status/712938467844612097
206,160663,6230,3/25/16 4:23,Retweet by Dikgang Kekana,Dikgang_Kekana,7.13E+17,https://twitter.com/Dikgang_Kekana/status/712999858236473344
206,156085,6230,3/25/16 2:46,Tweet by Wycliffe Ronoh,wyronoh,8.183E+15,https://twitter.com/wyronoh/status/8183002173546496
206,156082,6230,3/25/16 2:46,Tweet by Tosh Juma,iTosh,8.11661E+15,https://twitter.com/iTosh/status/8116609163984896
206,156080,6230,3/25/16 2:46,Tweet by abedeltawil,abedeltawil,1.76719E+17,https://twitter.com/abedeltawil/status/176719470029578240
206,156070,6230,3/25/16 2:46,Tweet by Marvin Tumbo,marvintumbo,8.19851E+15,https://twitter.com/marvintumbo/status/8198507080978432
206,156067,6230,3/25/16 2:46,Tweet by Becky Gitonga,beckygitonga,8.1988E+15,https://twitter.com/beckygitonga/status/8198797414899712
206,156062,6230,3/25/16 2:46,Tweet by the labyrinth,cubarmo,1.79659E+17,https://twitter.com/cubarmo/status/179659059941744641
206,156058,6230,3/25/16 2:46,Tweet by Siriliciously,SIRIliciously,7.71081E+15,https://twitter.com/SIRIliciously/status/7710805969608705
206,156057,6230,3/25/16 2:46,Tweet by Kimunya Mugo,KimunyaMugo,2.54844E+17,https://twitter.com/KimunyaMugo/status/254843962475560960
206,156048,6230,3/25/16 2:46,Retweet by Kat,KattiePearl,7.70578E+15,https://twitter.com/KattiePearl/status/7705777003298816
206,156047,6230,3/25/16 2:46,Tweet by Nairobi Now,nairobinow,7.40095E+15,https://twitter.com/nairobinow/status/7400951082123264
206,156046,6230,3/25/16 2:46,Retweet by James Neal,james3neal,2.55102E+17,https://twitter.com/james3neal/status/255101974054318080
206,156042,6230,3/25/16 2:46,Retweet by Barbzy,Brbzy,7.7046E+15,https://twitter.com/Brbzy/status/7704597867012096
206,156040,6230,3/25/16 2:46,Retweet by isaak,mogetutu,7.3457E+15,https://twitter.com/mogetutu/status/7345701847564288
206,156039,6230,3/25/16 2:46,Tweet by Acumen,Acumen,9.26689E+15,https://twitter.com/Acumen/status/9266894070611968
206,156035,6230,3/25/16 2:46,Tweet by hjinnes,hjinnes,2.54943E+17,https://twitter.com/hjinnes/status/254943380570779648
206,156029,6230,3/25/16 2:46,Tweet by Freetraid,FREEtraid,7.40146E+15,https://twitter.com/FREEtraid/status/7401458437722112
206,156027,6230,3/25/16 2:46,Tweet by Dennis Riungu,denpalrius,2.54844E+17,https://twitter.com/denpalrius/status/254843954674163712
206,156023,6230,3/25/16 2:46,Tweet by Caroline K. Mbui,JustDes,7.69857E+15,https://twitter.com/JustDes/status/7698565065347072
206,156020,6230,3/25/16 2:46,Retweet by _Mwaa_,_Mwaa_,9.33298E+15,https://twitter.com/_Mwaa_/status/9332982661779456
206,156019,6230,3/25/16 2:46,Tweet by Midox M'BAREK,MidoxTheGeek,27833086216,https://twitter.com/MidoxTheGeek/status/27833086216
206,156017,6230,3/25/16 2:46,Tweet by Marie Githinji,mariegithinji,8.18712E+15,https://twitter.com/mariegithinji/status/8187119453339649
206,156015,6230,3/25/16 2:46,Tweet by ICT Dev,ictdev,7.34178E+15,https://twitter.com/ictdev/status/7341779372220416
206,156013,6230,3/25/16 2:46,Tweet by Top Kenyan Blogs,Blogs_Kenya,7.40095E+15,https://twitter.com/Blogs_Kenya/status/7400950964682752
206,156011,6230,3/25/16 2:46,Tweet by Amadou Mahtar Ba,AMahtarBa,2.54698E+17,https://twitter.com/AMahtarBa/status/254698197170126848
206,156010,6230,3/25/16 2:46,Tweet by M W,tweet2mw,1.6325E+17,https://twitter.com/tweet2mw/status/163250301846040576
206,156009,6230,3/25/16 2:46,Retweet by RC Richards,rrichard09,7.34801E+15,https://twitter.com/rrichard09/status/7348013219450880
206,156008,6230,3/25/16 2:46,Tweet by Andrea Cordes,AndreaCordes,2.55206E+17,https://twitter.com/AndreaCordes/status/255206379713859584
206,156007,6230,3/25/16 2:46,Tweet by Jamaaludeen Khan,jamaaludeen,901002753,https://twitter.com/jamaaludeen/status/901002753
206,156006,6230,3/25/16 2:46,Tweet by Mark W. Kaigwa,MKaigwa,7.32896E+15,https://twitter.com/MKaigwa/status/7328963365969920
206,156005,6230,3/25/16 2:46,Tweet by emgollie,emgollie,4.99009E+17,https://twitter.com/emgollie/status/499008608051281920
206,156003,6230,3/25/16 2:46,Retweet by Dr Mick Phythian,greatemancipato,2.54856E+17,https://twitter.com/greatemancipato/status/254856474143125504
206,156002,6230,3/25/16 2:46,Tweet by OKFestival,OKFestival,5.10344E+17,https://twitter.com/OKFestival/status/510343979465195520
206,156001,6230,3/25/16 2:46,Tweet by Tiffany von Emmel,tiffanyvonemmel,8.14566E+15,https://twitter.com/tiffanyvonemmel/status/8145662940028928
206,156000,6230,3/25/16 2:46,Tweet by Tami Hultman,tamihultman,2.54837E+17,https://twitter.com/tamihultman/status/254836672208961536
206,155999,6230,3/25/16 2:46,Tweet by Jerri Chou,jchou,7.40558E+15,https://twitter.com/jchou/status/7405580956209152
206,155998,6230,3/25/16 2:46,Tweet by OpenKnowledge France,okfnFr,4.00208E+17,https://twitter.com/okfnFr/status/400207641047101441
206,155997,6230,3/25/16 2:46,Retweet by Aslam Levy,Aslam_Levy,2.54945E+17,https://twitter.com/Aslam_Levy/status/254945340061523968
206,155996,6230,3/25/16 2:46,Tweet by Afrinnovator,Afrinnovator,7.33642E+15,https://twitter.com/Afrinnovator/status/7336415390081024
206,155995,6230,3/25/16 2:46,Tweet by Adolphus Lwova,Adolphuslwova,7.72859E+15,https://twitter.com/Adolphuslwova/status/7728586127581184
206,155994,6230,3/25/16 2:46,Tweet by Dreamfish,love2dreamfish,8.19752E+15,https://twitter.com/love2dreamfish/status/8197515581063168
206,155992,6230,3/25/16 2:46,Tweet by Isla Haddow-Flood,havingaflood,4.80301E+17,https://twitter.com/havingaflood/status/480301389655343104
206,155989,6230,3/25/16 2:46,Tweet by Kenyan Facts,KResearcher,2.54942E+17,https://twitter.com/KResearcher/status/254941758411141120
206,155987,6230,3/25/16 2:46,Tweet by Zawadi Nyong'o,ZawadiNyongo,8.19015E+15,https://twitter.com/ZawadiNyongo/status/8190151909969920
206,155986,6230,3/25/16 2:46,Tweet by Wiki Africa,wikiafrica,5.14403E+17,https://twitter.com/wikiafrica/status/514403182303514624
206,155984,6230,3/25/16 2:46,Tweet by Digital Rand,kenya_tweets,8.114E+15,https://twitter.com/kenya_tweets/status/8114003339378688
206,155983,6230,3/25/16 2:46,Tweet by Alex Rose,u62,2.54952E+17,https://twitter.com/u62/status/254951693031206914
206,155982,6230,3/25/16 2:46,Tweet by Miguel Figueiredo,mfigueiredo91,3.40912E+17,https://twitter.com/mfigueiredo91/status/340911535411040256
206,155981,6230,3/25/16 2:46,Tweet by OpenUCT repository,openuct,5.03827E+17,https://twitter.com/openuct/status/503826518804795392
206,155980,6230,3/25/16 2:46,Tweet by Phares Kariuki,kaboro,2.55249E+17,https://twitter.com/kaboro/status/255248932643422208
206,155979,6230,3/25/16 2:46,Tweet by TechTitans,TheTechTitans,2.56555E+17,https://twitter.com/TheTechTitans/status/256555466505723905
206,155978,6230,3/25/16 2:46,Tweet by Paul Maassen,maassenpaul,2.55327E+17,https://twitter.com/maassenpaul/status/255327092764446720
206,155977,6230,3/25/16 2:46,Tweet by Lauren Hirst,LaurenCHirst,2.89734E+17,https://twitter.com/LaurenCHirst/status/289734381927538688
206,155976,6230,3/25/16 2:46,Tweet by Open Institute,Open_Institute,2.55218E+17,https://twitter.com/Open_Institute/status/255217515632934912
206,155975,6230,3/25/16 2:46,Tweet by Suzane ondo,suzaneondo,4.73456E+17,https://twitter.com/suzaneondo/status/473456468432531456
206,155974,6230,3/25/16 2:46,Tweet by Mone Ekang,MoneEkang,4.7314E+17,https://twitter.com/MoneEkang/status/473140262672564224
206,155973,6230,3/25/16 2:46,Tweet by Given Edward,GIVENALITY,2.55209E+17,https://twitter.com/GIVENALITY/status/255208568549146624
206,155972,6230,3/25/16 2:46,Tweet by Richard ASSOR,RichardAssoR,3.30955E+17,https://twitter.com/RichardAssoR/status/330954999565799424
206,155971,6230,3/25/16 2:46,Tweet by DesignVillage*,Design_VilIage,2.55265E+17,https://twitter.com/Design_VilIage/status/255265426819411968
206,155969,6230,3/25/16 2:46,Tweet by Al Kags,alkags,2.55154E+17,https://twitter.com/alkags/status/255154142899740672
206,155967,6230,3/25/16 2:46,Tweet by SophiePÃ¨ne,SophiePene,3.44753E+17,https://twitter.com/SophiePene/status/344752702112296961
206,155965,6230,3/25/16 2:46,Tweet by LarryKaaria-MIS,lkaaria,2.55222E+17,https://twitter.com/lkaaria/status/255222054989746176
206,155962,6230,3/25/16 2:46,Tweet by Sam Nkirote McKenzie,SamNMcK,2.55203E+17,https://twitter.com/SamNMcK/status/255202984126996480
206,155961,6230,3/25/16 2:46,Tweet by Alan Hudson,alanhudson1,2.54876E+17,https://twitter.com/alanhudson1/status/254876316233510912
206,155960,6230,3/25/16 2:46,Tweet by Alison Tilley,alisontilley,2.54854E+17,https://twitter.com/alisontilley/status/254854449397383168
206,155959,6230,3/25/16 2:46,Tweet by Jay Bhalla,jaybhalla,2.54915E+17,https://twitter.com/jaybhalla/status/254915066992943106
206,155958,6230,3/25/16 2:46,Tweet by Fed Cyber,fedcyber,2.56855E+17,https://twitter.com/fedcyber/status/256854935889645568
206,155957,6230,3/25/16 2:46,Tweet by Cyryky-@CyriacGbogou,cyriacgbogou,4.35412E+17,https://twitter.com/cyriacgbogou/status/435411721625157632
206,155956,6230,3/25/16 2:46,Tweet by Open Science,openscience,5.03437E+17,https://twitter.com/openscience/status/503437327369519104
206,155955,6230,3/25/16 2:46,Tweet by ... mais pas que !,mais_pas_que,3.31391E+17,https://twitter.com/mais_pas_que/status/331390700451143683
206,155954,6230,3/25/16 2:46,Tweet by Site Ayong,AyongSite,4.74461E+17,https://twitter.com/AyongSite/status/474460794886053888
206,155953,6230,3/25/16 2:46,Retweet by OpenSpending,openspending,2.55587E+17,https://twitter.com/openspending/status/255586565185753089
206,155952,6230,3/25/16 2:46,Tweet by His airness,Hisairness4,4.73073E+17,https://twitter.com/Hisairness4/status/473072776451203072
206,155951,6230,3/25/16 2:46,Tweet by Craig Hammer,CraigHammer,2.55678E+17,https://twitter.com/CraigHammer/status/255678496649662465
206,155950,6230,3/25/16 2:46,Tweet by Leo Mutuku,C_Leo_patra,4.9945E+17,https://twitter.com/C_Leo_patra/status/499449609425403904
206,155949,6230,3/25/16 2:46,Tweet by 'Anyi Oraelosi,Nedifeora,2.57694E+17,https://twitter.com/Nedifeora/status/257694400199675904
206,155948,6230,3/25/16 2:46,Tweet by Erin McKiernâ“ên,emckiernan13,5.03209E+17,https://twitter.com/emckiernan13/status/503209348248915968
206,155947,6230,3/25/16 2:46,Tweet by ExploringTheOpens,OpenExpl,4.9728E+17,https://twitter.com/OpenExpl/status/497280495265120257
206,155946,6230,3/25/16 2:46,Tweet by Lily Szajnberg,lilyszajnberg,2.55268E+17,https://twitter.com/lilyszajnberg/status/255267817430056960
206,155945,6230,3/25/16 2:46,Tweet by Hilton Gibson,hamslaai,5.1297E+17,https://twitter.com/hamslaai/status/512970274996637698
206,155944,6230,3/25/16 2:46,Tweet by Michelle Thorne,thornet,4.86129E+17,https://twitter.com/thornet/status/486129499336351744
206,155943,6230,3/25/16 2:46,Tweet by Francois,Francois_fvs2,4.95926E+17,https://twitter.com/Francois_fvs2/status/495925985662222336
206,155942,6230,3/25/16 2:46,Tweet by Michael Bauer,mihi_tr,2.55328E+17,https://twitter.com/mihi_tr/status/255328174240583681
206,155941,6230,3/25/16 2:46,Tweet by Web Gathering,WebGathering,2.57772E+17,https://twitter.com/WebGathering/status/257771549082398720
206,155940,6230,3/25/16 2:46,Tweet by Roxanne Reid,RoxanneReidSA,5.27102E+17,https://twitter.com/RoxanneReidSA/status/527102027755974656
206,155939,6230,3/25/16 2:46,Tweet by Lee Sanders,Lees_Sandbox,4.94852E+17,https://twitter.com/Lees_Sandbox/status/494852075709153281
206,155938,6230,3/25/16 2:46,Retweet by January Makamba 2015,JMakamba2015,2.56092E+17,https://twitter.com/JMakamba2015/status/256091968059346945
206,155937,6230,3/25/16 2:46,Tweet by Ariel Waldman,arielwaldman,4.94444E+17,https://twitter.com/arielwaldman/status/494443841101914112
206,155936,6230,3/25/16 2:46,Tweet by BHL,BioDivLibrary,5.04652E+17,https://twitter.com/BioDivLibrary/status/504652064899616768
206,155935,6230,3/25/16 2:46,Tweet by lilna,lilna,3.45536E+17,https://twitter.com/lilna/status/345536296397193217
206,155934,6230,3/25/16 2:46,Tweet by Gareth Griffiths,GarethGcapetown,4.87206E+17,https://twitter.com/GarethGcapetown/status/487206278121676800
206,155932,6230,3/25/16 2:46,Tweet by COSI Open Solutions,groenpj,3.72465E+17,https://twitter.com/groenpj/status/372464611401793537
206,155931,6230,3/25/16 2:46,Tweet by Thapelo,mokhathi,5.29346E+17,https://twitter.com/mokhathi/status/529345571690409984
206,155930,6230,3/25/16 2:46,Tweet by Sarah Dexter,sarahlouisedex,5.27377E+17,https://twitter.com/sarahlouisedex/status/527376966349897728
206,155929,6230,3/25/16 2:46,Tweet by Andrew Berry,andrewtberry,5.29342E+17,https://twitter.com/andrewtberry/status/529341609893462016
206,155927,6230,3/25/16 2:46,Tweet by Dominique Whitman,Domwhitman,5.29201E+17,https://twitter.com/Domwhitman/status/529200939715284992
206,155926,6230,3/25/16 2:46,Tweet by !Xaus Lodge,XausLodge,5.29427E+17,https://twitter.com/XausLodge/status/529426605350064129
206,155924,6230,3/25/16 2:46,Tweet by LOWE Joburg,LoweJhb,5.27095E+17,https://twitter.com/LoweJhb/status/527095223084912640
206,155922,6230,3/25/16 2:46,Tweet by Sun International,MillionThrills,5.2931E+17,https://twitter.com/MillionThrills/status/529310038327046144
206,155921,6230,3/25/16 2:46,Tweet by Eat Out,Eat_Out,5.30715E+17,https://twitter.com/Eat_Out/status/530715385323335680
206,155920,6230,3/25/16 2:46,Tweet by Saskea Jacobs,saskeaj,5.30721E+17,https://twitter.com/saskeaj/status/530721308167114752
206,155917,6230,3/25/16 2:46,Tweet by Faiajudo Moreira,faiajudo,5.31431E+17,https://twitter.com/faiajudo/status/531431292253241344
206,155916,6230,3/25/16 2:46,Retweet by simon falvo,1step2theleft,5.30855E+17,https://twitter.com/1step2theleft/status/530854541009629185
206,155912,6230,3/25/16 2:46,Tweet by Michael Blunden,michaelblunden,5.30415E+17,https://twitter.com/michaelblunden/status/530414601125761024
206,155911,6230,3/25/16 2:46,Retweet by Real Adventure,kalahariB,5.30742E+17,https://twitter.com/kalahariB/status/530742340638752768
206,155907,6230,3/25/16 2:46,Tweet by Allynn A Fortuin,AllynnAl,5.31887E+17,https://twitter.com/AllynnAl/status/531887258149089282
206,155906,6230,3/25/16 2:46,Tweet by IG: Louise de Waal,GreenGirlAfrica,5.29948E+17,https://twitter.com/GreenGirlAfrica/status/529947743578750976
206,155903,6230,3/25/16 2:46,Tweet by TheYellowCap,theyellowcap,5.29648E+17,https://twitter.com/theyellowcap/status/529648156905336832
206,155901,6230,3/25/16 2:46,Tweet by OverbergRenosterveld,Renosterveld,5.29603E+17,https://twitter.com/Renosterveld/status/529603447600201728
206,155898,6230,3/25/16 2:46,Tweet by Melissa Raath,MelissaRaath,5.29649E+17,https://twitter.com/MelissaRaath/status/529648924265832449
206,155892,6230,3/25/16 2:45,Tweet by Justin Arenstein,justinarenstein,2.54842E+17,https://twitter.com/justinarenstein/status/254841801469468672
206,155891,6230,3/25/16 2:45,Tweet by Justin Arenstein,justinarenstein,2.53729E+17,https://twitter.com/justinarenstein/status/253728535607398401
206,155890,6230,3/25/16 2:45,Tweet by Vuyisa Qabaka,vuyisaq,1.49728E+17,https://twitter.com/vuyisaq/status/149728145161986048
206,155888,6230,3/25/16 2:45,Tweet by Erica Penfold,EricaDaleP,2.54849E+17,https://twitter.com/EricaDaleP/status/254848759601713153
206,155885,6230,3/25/16 2:45,Tweet by Will Mutua,willmutua,7.37118E+15,https://twitter.com/willmutua/status/7371184836452353
206,155883,6230,3/25/16 2:45,Tweet by Press Pass,PressPassMe,2.54962E+17,https://twitter.com/PressPassMe/status/254962467728404480
206,155882,6230,3/25/16 2:45,Tweet by Justin Arenstein,justinarenstein,2.54847E+17,https://twitter.com/justinarenstein/status/254847390236938240
206,155881,6230,3/25/16 2:45,Tweet by Justin Arenstein,justinarenstein,2.54851E+17,https://twitter.com/justinarenstein/status/254851134278230016
206,155880,6230,3/25/16 2:45,Tweet by Justin Arenstein,justinarenstein,2.54845E+17,https://twitter.com/justinarenstein/status/254845045377757184
206,155879,6230,3/25/16 2:45,Tweet by Erica Penfold,EricaDaleP,2.5492E+17,https://twitter.com/EricaDaleP/status/254919934671462400
206,155878,6230,3/25/16 2:45,Tweet by media140 Worldwide,media140,6.69271E+15,https://twitter.com/media140/status/6692713797787648
206,155877,6230,3/25/16 2:45,Tweet by Justin Arenstein,justinarenstein,2.5485E+17,https://twitter.com/justinarenstein/status/254849939404902401
206,155876,6230,3/25/16 2:45,Tweet by Justin Arenstein,justinarenstein,2.54939E+17,https://twitter.com/justinarenstein/status/254939394606260224
206,155875,6230,3/25/16 2:45,Tweet by Justin Arenstein,justinarenstein,2.54944E+17,https://twitter.com/justinarenstein/status/254943898307284993
206,155873,6230,3/25/16 2:45,Tweet by Justin Arenstein,justinarenstein,2.54926E+17,https://twitter.com/justinarenstein/status/254925871528439808
206,155871,6230,3/25/16 2:45,Tweet by African Media Ini.,African_Media,2.54932E+17,https://twitter.com/African_Media/status/254932387669090304
206,155870,6230,3/25/16 2:45,Tweet by Justin Arenstein,justinarenstein,2.5493E+17,https://twitter.com/justinarenstein/status/254930355239415808
206,155869,6230,3/25/16 2:45,Tweet by Justin Arenstein,justinarenstein,2.54872E+17,https://twitter.com/justinarenstein/status/254871704940208128
206,155868,6230,3/25/16 2:45,Tweet by Erica Penfold,EricaDaleP,2.5492E+17,https://twitter.com/EricaDaleP/status/254920246744457216
206,155867,6230,3/25/16 2:45,Retweet by Alex Howard,digiphile,2.54941E+17,https://twitter.com/digiphile/status/254941211570348033
206,155866,6230,3/25/16 2:45,Tweet by Justin Arenstein,justinarenstein,2.54927E+17,https://twitter.com/justinarenstein/status/254927404273909760
206,155865,6230,3/25/16 2:45,Tweet by Justin Arenstein,justinarenstein,2.54928E+17,https://twitter.com/justinarenstein/status/254928465701240832
206,155864,6230,3/25/16 2:45,Tweet by African Media Ini.,African_Media,2.54924E+17,https://twitter.com/African_Media/status/254924116455469056
206,155862,6230,3/25/16 2:45,Tweet by Justin Arenstein,justinarenstein,2.5493E+17,https://twitter.com/justinarenstein/status/254929962082107392
206,155860,6230,3/25/16 2:45,Tweet by Erica Penfold,EricaDaleP,2.54923E+17,https://twitter.com/EricaDaleP/status/254922575426244610
206,155859,6230,3/25/16 2:45,Tweet by Alex Howard,digiphile,2.54941E+17,https://twitter.com/digiphile/status/254941068225814529
206,155858,6230,3/25/16 2:45,Retweet by Alex Howard,digiphile,2.54942E+17,https://twitter.com/digiphile/status/254941821417967619
206,155857,6230,3/25/16 2:45,Retweet by igiriwM@,Mwirigi,8.19569E+15,https://twitter.com/Mwirigi/status/8195690333208576
206,155856,6230,3/25/16 2:45,Tweet by Justin Arenstein,justinarenstein,2.54931E+17,https://twitter.com/justinarenstein/status/254930801517535233
206,155855,6230,3/25/16 2:45,Tweet by Will Mutua,willmutua,7.38127E+15,https://twitter.com/willmutua/status/7381274482188289
206,155854,6230,3/25/16 2:45,Tweet by Alex Howard,digiphile,2.54858E+17,https://twitter.com/digiphile/status/254857839355518976
206,155853,6230,3/25/16 2:45,Tweet by Justin Arenstein,justinarenstein,2.54938E+17,https://twitter.com/justinarenstein/status/254937739894587392
206,155852,6230,3/25/16 2:45,Tweet by Justin Arenstein,justinarenstein,2.5484E+17,https://twitter.com/justinarenstein/status/254840229352071169
206,155851,6230,3/25/16 2:45,Tweet by Alex Howard,digiphile,2.54851E+17,https://twitter.com/digiphile/status/254851364914593794
206,155850,6230,3/25/16 2:45,Retweet by Alex Howard,digiphile,2.54942E+17,https://twitter.com/digiphile/status/254941699858644992
206,155849,6230,3/25/16 2:45,Tweet by African Media Ini.,African_Media,2.54925E+17,https://twitter.com/African_Media/status/254925128822030336
206,155848,6230,3/25/16 2:45,Tweet by Alex Howard,digiphile,2.54857E+17,https://twitter.com/digiphile/status/254857148943720448
206,155847,6230,3/25/16 2:45,Tweet by African Media Ini.,African_Media,2.54927E+17,https://twitter.com/African_Media/status/254926919982788609
206,155846,6230,3/25/16 2:45,Tweet by Justin Arenstein,justinarenstein,2.54945E+17,https://twitter.com/justinarenstein/status/254945042379190272
206,155845,6230,3/25/16 2:45,Tweet by Trustlibrary,TRUSTlibrary,7.40146E+15,https://twitter.com/TRUSTlibrary/status/7401460111253504
206,155844,6230,3/25/16 2:45,Tweet by African Media Ini.,African_Media,2.54873E+17,https://twitter.com/African_Media/status/254872728165826560
206,155843,6230,3/25/16 2:45,Tweet by Justin Arenstein,justinarenstein,2.5489E+17,https://twitter.com/justinarenstein/status/254890341726044160
206,155842,6230,3/25/16 2:45,Tweet by Justin Arenstein,justinarenstein,2.54843E+17,https://twitter.com/justinarenstein/status/254842605404307457
206,155841,6230,3/25/16 2:45,Tweet by Erica Penfold,EricaDaleP,2.54916E+17,https://twitter.com/EricaDaleP/status/254915697094832129
206,155840,6230,3/25/16 2:45,Tweet by African Media Ini.,African_Media,2.54928E+17,https://twitter.com/African_Media/status/254928324965572609